<?xml version="1.0" encoding="UTF-8"?>
<project-private xmlns="http://www.netbeans.org/ns/project-private/1">
    <editor-bookmarks xmlns="http://www.netbeans.org/ns/editor-bookmarks/2" lastBookmarkId="0"/>
    <open-files xmlns="http://www.netbeans.org/ns/projectui-open-files/2">
        <group>
            <file>file:/Users/rwnaqalsh/Desktop/Design-pattern-main-5-2/calculator-java-swing-master/src/Calc/App.java</file>
            <file>file:/Users/rwnaqalsh/Desktop/Design-pattern-main-5-2/calculator-java-swing-master/src/Calc/CalculatorModel.java</file>
            <file>file:/Users/rwnaqalsh/Desktop/Design-pattern-main-5-2/calculator-java-swing-master/src/Calc/CalculatorController.java</file>
            <file>file:/Users/rwnaqalsh/Desktop/Design-pattern-main-5-2/calculator-java-swing-master/src/Calc/ScientificPower.java</file>
            <file>file:/Users/rwnaqalsh/Desktop/Design-pattern-main-5-2/calculator-java-swing-master/src/Calc/appOperation.java</file>
            <file>file:/Users/rwnaqalsh/Desktop/Design-pattern-main-5-2/calculator-java-swing-master/src/Calc/ICalculatorModel.java</file>
            <file>file:/Users/rwnaqalsh/Desktop/Design-pattern-main-5-2/calculator-java-swing-master/src/Calc/Multiplication.java</file>
            <file>file:/Users/rwnaqalsh/Desktop/Design-pattern-main-5-2/calculator-java-swing-master/src/Calc/ScientificTrig.java</file>
            <file>file:/Users/rwnaqalsh/Desktop/Design-pattern-main-5-2/calculator-java-swing-master/src/Calc/ScientificLog.java</file>
            <file>file:/Users/rwnaqalsh/Desktop/Design-pattern-main-5-2/calculator-java-swing-master/src/Calc/CalculatorView.java</file>
            <file>file:/Users/rwnaqalsh/Desktop/Design-pattern-main-5-2/calculator-java-swing-master/src/Calc/ScientificAdapter.java</file>
        </group>
    </open-files>
</project-private>
